"name","level","tradition 1","tradition 2","tradition 3","tradition 4"
"Aberrant Form","5","occult",NA,NA,NA
"Aberrant Whispers","3",NA,NA,NA,NA
"Abundant Step","4",NA,NA,NA,NA
"Abyssal Pact","1",NA,NA,NA,NA
"Abyssal Plague","5","divine","occult",NA,NA
"Abyssal Wrath","5",NA,NA,NA,NA
"Access Lore","3",NA,NA,NA,NA
"Achaekek's Clutch","4",NA,NA,NA,NA
"Acid Arrow","2","arcane","primal",NA,NA
"Acid Splash","1","arcane","primal",NA,NA
"Acid Storm","5","arcane","primal",NA,NA
"Acidic Burst","1","arcane","primal",NA,NA
"Adapt Self","1",NA,NA,NA,NA
"Adaptive Ablation","4",NA,NA,NA,NA
"Admonishing Ray","1","arcane","divine",NA,NA
"Advanced Scurvy","2","divine","primal",NA,NA
"Aerial Form","4","arcane","primal",NA,NA
"Agile Feet","1",NA,NA,NA,NA
"Agitate","1","arcane","occult",NA,NA
"Agonizing Despair","3","arcane","divine","occult",NA
"Air Bubble","1","arcane","divine","primal",NA
"Air Walk","4","divine","primal",NA,NA
"Airburst","1","arcane","primal",NA,NA
"Alarm","1","arcane","divine","occult","primal"
"All is One, One is All","8","arcane","primal",NA,NA
"Allegro","7",NA,NA,NA,NA
"Alter Reality","10","occult",NA,NA,NA
"Anathematic Reprisal","4","divine",NA,NA,NA
"Ancestral Defense","3",NA,NA,NA,NA
"Ancestral Form","6",NA,NA,NA,NA
"Ancestral Memories","1",NA,NA,NA,NA
"Ancestral Touch","1",NA,NA,NA,NA
"Ancient Dust","1","arcane","divine",NA,NA
"Angel Form","7","divine",NA,NA,NA
"Angelic Halo","1",NA,NA,NA,NA
"Angelic Messenger","1",NA,NA,NA,NA
"Angelic Wings","3",NA,NA,NA,NA
"Anima Invocation (Modified)","10",NA,NA,NA,NA
"Animal Allies","1","primal",NA,NA,NA
"Animal Feature","2",NA,NA,NA,NA
"Animal Form","2","primal",NA,NA,NA
"Animal Messenger","2","primal",NA,NA,NA
"Animal Vision","3","primal",NA,NA,NA
"Animate Dead","1","arcane","divine","occult",NA
"Animate Object","2",NA,NA,NA,NA
"Animate Rope","1","arcane","occult",NA,NA
"Animated Assault","2","arcane","occult",NA,NA
"Animus Mine","2","occult",NA,NA,NA
"Ant Haul","1","arcane","primal",NA,NA
"Anticipate Peril","1","arcane","occult",NA,NA
"Antimagic Field","8","arcane","divine","occult",NA
"Apex Companion","10",NA,NA,NA,NA
"Appearance of Wealth","1",NA,NA,NA,NA
"Approximate","1","arcane","divine","occult","primal"
"Aqueous Blast","1","arcane","occult","primal",NA
"Aqueous Orb","3","arcane","primal",NA,NA
"Arcane Countermeasure","5",NA,NA,NA,NA
"Arcane Weaving","3",NA,NA,NA,NA
"Armor of Bones","3",NA,NA,NA,NA
"Aromatic Lure","4","arcane","occult",NA,NA
"Artistic Flourish","4",NA,NA,NA,NA
"Ash Cloud","2","arcane","primal",NA,NA
"Ash Form","6",NA,NA,NA,NA
"Ashen Wind","3",NA,NA,NA,NA
"Asmodean Wager","6",NA,NA,NA,NA
"Aspirational State","5","primal",NA,NA,NA
"Asterism","4",NA,NA,NA,NA
"Astral Labyrinth","9","arcane","divine","occult",NA
"Astral Projection","5",NA,NA,NA,NA
"Astral Rain","3","occult",NA,NA,NA
"Athletic Rush","1",NA,NA,NA,NA
"Atone","4",NA,NA,NA,NA
"Augment Summoning","1",NA,NA,NA,NA
"Augury","2","divine","occult",NA,NA
"Aura of the Unremarkable","6","arcane","occult",NA,NA
"Avatar","10","divine",NA,NA,NA
"Awaken Animal","6",NA,NA,NA,NA
"Awaken Entropy","6","arcane","divine","occult",NA
"Awaken Object","6",NA,NA,NA,NA
"Awaken Portal","3",NA,NA,NA,NA
"Bacchanalia","6","divine","occult",NA,NA
"Baleful Polymorph","6","arcane","primal",NA,NA
"Bandit's Doom","5","arcane","divine","occult",NA
"Bane","1","divine","occult",NA,NA
"Banishment","5","arcane","divine","occult","primal"
"Barkskin","2","primal",NA,NA,NA
"Bathe in Blood","8",NA,NA,NA,NA
"Battlefield Persistence","3",NA,NA,NA,NA
"Beastmaster Trance","3",NA,NA,NA,NA
"Befitting Attire","2","arcane","occult",NA,NA
"Befuddle","1","arcane",NA,NA,NA
"Behold the Weave","3","divine","occult",NA,NA
"Belittling Boast","5","arcane","divine","occult",NA
"Bestial Curse","4","arcane","occult","primal",NA
"Bilocation","9","arcane","occult",NA,NA
"Bind Soul","9","divine","occult",NA,NA
"Bind Undead","3","arcane","divine","occult",NA
"Bit of Luck","1",NA,NA,NA,NA
"Biting Words","1","occult",NA,NA,NA
"Black Tentacles","5","arcane","occult",NA,NA
"Blackfinger's Blades","5","divine","primal",NA,NA
"Blade Barrier","6","divine",NA,NA,NA
"Blanket Of Stars","6","occult","primal",NA,NA
"Blazing Blade","2","divine","primal",NA,NA
"Blazing Dive","3","arcane","primal",NA,NA
"Blazing Fissure","5","arcane","primal",NA,NA
"Bless","1","divine","occult",NA,NA
"Blessing of Defiance","5","divine","primal",NA,NA
"Blight","4",NA,NA,NA,NA
"Blightburn Blast","7","arcane","occult","primal",NA
"Blind Ambition","1",NA,NA,NA,NA
"Blind Eye","5","arcane","occult",NA,NA
"Blinding Beauty","3",NA,NA,NA,NA
"Blinding Foam","5","arcane","occult","primal",NA
"Blinding Fury","6","divine","occult","primal",NA
"Blindness","3","arcane","divine","occult","primal"
"Blink Charge","5","arcane","divine","occult",NA
"Blink","4","arcane","occult",NA,NA
"Blister","5","arcane","occult","primal",NA
"Blistering Invective","2","occult",NA,NA,NA
"Blood Duplicate","2","arcane","occult",NA,NA
"Blood Feast","5","arcane","divine","occult",NA
"Blood Vendetta","2","arcane","divine","occult",NA
"Blood Ward","1",NA,NA,NA,NA
"Bloodspray Curse","4","divine","occult","primal",NA
"Blunt the Final Blade","9",NA,NA,NA,NA
"Blur","2","arcane","occult",NA,NA
"Boil Blood","8","arcane","primal",NA,NA
"Bone Spray","2","arcane","divine","primal",NA
"Boneshaker","2","arcane","divine","primal",NA
"Boost Eidolon","1",NA,NA,NA,NA
"Bottle the Storm","4",NA,NA,NA,NA
"Bottomless Stomach","3","arcane","occult","primal",NA
"Bound in Death","6","arcane","divine","occult",NA
"Bracing Tendrils","3","arcane","occult",NA,NA
"Brain Drain","1",NA,NA,NA,NA
"Bralani Referendum","2","divine","primal",NA,NA
"Brand the Impenitent","2","divine",NA,NA,NA
"Breadcrumbs","1","arcane","divine","occult","primal"
"Breath of Drought","2","primal",NA,NA,NA
"Breath of Life","5","divine",NA,NA,NA
"Briny Bolt","1","arcane","primal",NA,NA
"Buffeting Winds","1","primal",NA,NA,NA
"Bullhorn","1","arcane","divine","occult",NA
"Burning Blossoms","8","arcane","primal",NA,NA
"Burning Hands","1","arcane","primal",NA,NA
"Bursting Bloom","4","occult","primal",NA,NA
"Buzzing Bites","1",NA,NA,NA,NA
"Cackle","1",NA,NA,NA,NA
"Call of the Grave","1",NA,NA,NA,NA
"Call Spirit","5",NA,NA,NA,NA
"Call The Blood","4","arcane","occult","primal",NA
"Call to Arms","1",NA,NA,NA,NA
"Calm Emotions","2","divine","occult",NA,NA
"Canticle of Everlasting Grief","8","divine","occult",NA,NA
"Captivating Adoration","4",NA,NA,NA,NA
"Cascade Countermeasure","3",NA,NA,NA,NA
"Cast into Time","6","arcane","occult",NA,NA
"Caster's Imposition","3","arcane","divine","primal","occult"
"Cataclysm","10","arcane","primal",NA,NA
"Catch Your Name","6","arcane","divine","occult","primal"
"Celestial Accord","1","divine","occult",NA,NA
"Celestial Brand","5",NA,NA,NA,NA
"Chain Lightning","6","arcane","primal",NA,NA
"Chameleon Coat","5","primal",NA,NA,NA
"Champion's Sacrifice","6",NA,NA,NA,NA
"Charged Javelin","1",NA,NA,NA,NA
"Charitable Urge","2","arcane","divine","occult",NA
"Charm","1","arcane","occult","primal",NA
"Charming Touch","1",NA,NA,NA,NA
"Charming Words","1",NA,NA,NA,NA
"Chill Touch","1","arcane","divine","occult",NA
"Chilling Darkness","3","divine",NA,NA,NA
"Chilling Spray","1","arcane","primal",NA,NA
"Chroma Leach","4","occult",NA,NA,NA
"Chromatic Armor","4","arcane","occult",NA,NA
"Chromatic Image","6","arcane","occult",NA,NA
"Chromatic Ray","4","arcane","occult",NA,NA
"Chromatic Wall","5","arcane","occult",NA,NA
"Cinder Gaze","1","divine",NA,NA,NA
"Circle of Protection","3","divine","occult",NA,NA
"Claim Curse","3","divine","occult",NA,NA
"Claim Undead","6",NA,NA,NA,NA
"Clairaudience","3","arcane","occult",NA,NA
"Clairvoyance","4","arcane","occult",NA,NA
"Clawsong","2","divine","primal",NA,NA
"Cleansing Flames","5",NA,NA,NA,NA
"Clinging Ice","1",NA,NA,NA,NA
"Clinging Shadows Stance","4",NA,NA,NA,NA
"Cloak of Colors","5","arcane","occult",NA,NA
"Cloak of Light","4","divine","primal",NA,NA
"Cloak of Shadow","1",NA,NA,NA,NA
"Clone Companion","8","primal",NA,NA,NA
"Clone","9",NA,NA,NA,NA
"Cloudkill","5","arcane","primal",NA,NA
"Clownish Curse","4","arcane","occult",NA,NA
"Collective Transposition","6","arcane","occult",NA,NA
"Color Spray","1","arcane","occult",NA,NA
"Combustion","3",NA,NA,NA,NA
"Command","1","arcane","divine","occult",NA
"Commanding Lash","4",NA,NA,NA,NA
"Commune with Nature","6",NA,NA,NA,NA
"Commune","6",NA,NA,NA,NA
"Community Repair","4",NA,NA,NA,NA
"Compel True Name","4","arcane","divine","occult","primal"
"Competitive Edge","4",NA,NA,NA,NA
"Comprehend Language","2","arcane","divine","occult",NA
"Concealment's Curtain","4",NA,NA,NA,NA
"Concordant Choir","1","divine","occult",NA,NA
"Cone of Cold","5","arcane","primal",NA,NA
"Confetti Cloud","2","arcane","occult",NA,NA
"Confront Selves","4",NA,NA,NA,NA
"Confusion","4","arcane","occult",NA,NA
"Consecrate Flesh","3","divine",NA,NA,NA
"Consecrate","2",NA,NA,NA,NA
"Construct Mindscape","5",NA,NA,NA,NA
"Consuming Darkness","5",NA,NA,NA,NA
"Contact Friends","3",NA,NA,NA,NA
"Contagious Idea","5","occult",NA,NA,NA
"Contingency","7","arcane",NA,NA,NA
"Continual Flame","2","arcane","divine","occult","primal"
"Control Sand","7","arcane","primal",NA,NA
"Control Water","5","arcane","primal",NA,NA
"Control Weather","8",NA,NA,NA,NA
"Coral Eruption","4","arcane","primal",NA,NA
"Corpse Communion","2",NA,NA,NA,NA
"Corrosive Body","7","arcane","primal",NA,NA
"Cosmic Form","7","divine","primal",NA,NA
"Counter Performance","1",NA,NA,NA,NA
"Countless Eyes","4","arcane","occult","primal",NA
"Cozy Cabin","3","arcane","occult",NA,NA
"Crashing Wave","3","arcane","primal",NA,NA
"Create Demiplane","8",NA,NA,NA,NA
"Create Food","2","arcane","divine","primal",NA
"Create Skinstitch","6",NA,NA,NA,NA
"Create Undead","2",NA,NA,NA,NA
"Create Water","1","arcane","divine","primal",NA
"Creation","4","arcane","primal",NA,NA
"Crisis of Faith","3","divine",NA,NA,NA
"Crusade","9","divine",NA,NA,NA
"Crushing Despair","5","arcane","occult",NA,NA
"Crushing Ground","1",NA,NA,NA,NA
"Cry of Destruction","1",NA,NA,NA,NA
"Cup of Dust","3","arcane","occult","primal",NA
"Curse of Death","5",NA,NA,NA,NA
"Curse Of Lost Time","3","arcane","occult","primal",NA
"Curse of the Spirit Orchestra","7","occult",NA,NA,NA
"Cutting Insult","2","occult",NA,NA,NA
"Daemon Form","6","arcane","divine",NA,NA
"Daemonic Pact","1",NA,NA,NA,NA
"Dance of Darkness","5",NA,NA,NA,NA
"Dancing Blade","5","occult",NA,NA,NA
"Dancing Lights","1","arcane","occult","primal",NA
"Dancing Shield","2","arcane","divine","occult","primal"
"Darkened Eyes","4",NA,NA,NA,NA
"Darklight","7",NA,NA,NA,NA
"Darkness","2","arcane","divine","occult","primal"
"Darkvision","2","arcane","divine","occult","primal"
"Dawnflower's Light","4","divine","occult",NA,NA
"Daydreamer's Curse","4","arcane","occult",NA,NA
"Day's Weight","3","arcane","occult","primal",NA
"Daze","1","arcane","divine","occult",NA
"Dazzling Flash","1",NA,NA,NA,NA
"Deafness","2","arcane","divine","occult","primal"
"Death Knell","2","divine","occult",NA,NA
"Death Ward","5","divine","occult","primal",NA
"Death's Call","1",NA,NA,NA,NA
"Debilitating Dichotomy","4",NA,NA,NA,NA
"Deceiver's Cloak","3",NA,NA,NA,NA
"Deity's Strike","7","divine",NA,NA,NA
"Déjà Vu","1","arcane","occult",NA,NA
"Delay Affliction","3",NA,NA,NA,NA
"Delay Consequence","1",NA,NA,NA,NA
"Deluge","8","arcane","primal",NA,NA
"Delusional Pride","4",NA,NA,NA,NA
"Demon Form","6","arcane","divine",NA,NA
"Desperate Repair","5","arcane","primal",NA,NA
"Destructive Aura","4",NA,NA,NA,NA
"Detect Alignment","1","divine","occult",NA,NA
"Detect Creator","4","arcane","divine","occult",NA
"Detect Magic","1","arcane","divine","occult","primal"
"Detect Poison","1","divine","primal",NA,NA
"Detect Scrying","4","arcane","occult",NA,NA
"Devil Form","6","arcane","divine",NA,NA
"Devour Life","8","divine","occult",NA,NA
"Diabolic Edict","1",NA,NA,NA,NA
"Diamond Dust","4",NA,NA,NA,NA
"Dim the Light","1",NA,NA,NA,NA
"Dimension Door","4","arcane","occult",NA,NA
"Dimensional Anchor","4","arcane","divine","occult",NA
"Dimensional Assault","1",NA,NA,NA,NA
"Dimensional Lock","7","arcane","divine","occult",NA
"Dimensional Steps","4",NA,NA,NA,NA
"Dinosaur Form","4","primal",NA,NA,NA
"Dinosaur Fort","10","primal",NA,NA,NA
"Dirge of Doom","3",NA,NA,NA,NA
"Dirge of Remembrance","4","divine","occult",NA,NA
"Disappearance","8","arcane","occult",NA,NA
"Discern Lies","4","arcane","divine","occult",NA
"Discern Location","8","arcane","divine","occult",NA
"Discern Secrets","1",NA,NA,NA,NA
"Disintegrate","6","arcane",NA,NA,NA
"Disjunction","9","arcane","primal",NA,NA
"Dismantle","2","arcane","primal",NA,NA
"Dispel Magic","2","arcane","divine","occult","primal"
"Disperse into Air","4",NA,NA,NA,NA
"Disrupt Undead","1","divine","primal",NA,NA
"Disrupting Weapons","1","divine",NA,NA,NA
"Distortion Lens","1","occult",NA,NA,NA
"Distracting Chatter","3","arcane","occult",NA,NA
"Div Pact","1",NA,NA,NA,NA
"Dividing Trench","3","arcane","primal",NA,NA
"Divine Armageddon","8","divine",NA,NA,NA
"Divine Aura","8","divine",NA,NA,NA
"Divine Decree","7","divine",NA,NA,NA
"Divine Inspiration","8","divine",NA,NA,NA
"Divine Lance","1","divine",NA,NA,NA
"Divine Plagues","1",NA,NA,NA,NA
"Divine Vessel","7","divine",NA,NA,NA
"Divine Wrath","4","divine",NA,NA,NA
"Diviner's Sight","1",NA,NA,NA,NA
"Divinity Leech","9","arcane","occult",NA,NA
"Dominate","6","arcane","occult",NA,NA
"Door to Beyond","4",NA,NA,NA,NA
"Downpour","4",NA,NA,NA,NA
"Draconic Barrage","1",NA,NA,NA,NA
"Dragon Breath (Black, Brine or Copper)","3",NA,NA,NA,NA
"Dragon Breath (Blue or Bronze)","3",NA,NA,NA,NA
"Dragon Breath (Brass)","3",NA,NA,NA,NA
"Dragon Breath (Cloud)","3",NA,NA,NA,NA
"Dragon Breath (Crystal or Forest)","3",NA,NA,NA,NA
"Dragon Breath (Gold, Magma or Red)","3",NA,NA,NA,NA
"Dragon Breath (Green)","3",NA,NA,NA,NA
"Dragon Breath (Sea)","3",NA,NA,NA,NA
"Dragon Breath (Silver or White)","3",NA,NA,NA,NA
"Dragon Breath (Sky)","3",NA,NA,NA,NA
"Dragon Breath (Sovereign)","3",NA,NA,NA,NA
"Dragon Breath (Umbral)","3",NA,NA,NA,NA
"Dragon Breath (Underworld)","3",NA,NA,NA,NA
"Dragon Breath","3",NA,NA,NA,NA
"Dragon Claws","1",NA,NA,NA,NA
"Dragon Form","6","arcane","primal",NA,NA
"Dragon Wings","5",NA,NA,NA,NA
"Drain Life","3",NA,NA,NA,NA
"Draw Ire","1","arcane","occult",NA,NA
"Draw the Lightning","4","arcane","primal",NA,NA
"Dread Ambience","5",NA,NA,NA,NA
"Dread Aura","4",NA,NA,NA,NA
"Dread Secret","6",NA,NA,NA,NA
"Dream Council","8","arcane","occult",NA,NA
"Dream Message","3","arcane","divine","occult",NA
"Dreamer's Call","4",NA,NA,NA,NA
"Dreaming Potential","5","occult",NA,NA,NA
"Drop Dead","5","arcane","divine",NA,NA
"Dull Ambition","4","arcane","divine","occult",NA
"Duplicate Foe","7","arcane","occult",NA,NA
"Dust Storm","4",NA,NA,NA,NA
"Dutiful Challenge","4",NA,NA,NA,NA
"Earthbind","3","arcane","primal",NA,NA
"Earthquake","8","arcane","primal",NA,NA
"Echoing Weapon","1","arcane","divine","occult",NA
"Eclipse Burst","7","arcane","divine","primal",NA
"Ectoplasmic Expulsion","5","occult",NA,NA,NA
"Ectoplasmic Interstice","4",NA,NA,NA,NA
"Efficient Apport","1",NA,NA,NA,NA
"Eidolon's Wrath","3",NA,NA,NA,NA
"Eject Soul","1",NA,NA,NA,NA
"Electric Arc","1","arcane","primal",NA,NA
"Electrified Crystal Ward","3",NA,NA,NA,NA
"Element Embodied","10","primal",NA,NA,NA
"Elemental Absorption","3","arcane","primal",NA,NA
"Elemental Annihilation Wave","3","arcane","primal",NA,NA
"Elemental Betrayal","1",NA,NA,NA,NA
"Elemental Blast","5",NA,NA,NA,NA
"Elemental Confluence","6","arcane","primal",NA,NA
"Elemental Form","5","arcane","primal",NA,NA
"Elemental Gift","4","primal",NA,NA,NA
"Elemental Motion","3",NA,NA,NA,NA
"Elemental Sentinel","1",NA,NA,NA,NA
"Elemental Tempest","4",NA,NA,NA,NA
"Elemental Toss","1",NA,NA,NA,NA
"Elemental Zone","2","arcane","primal",NA,NA
"Elephant Form","4","primal",NA,NA,NA
"Elysian Whimsy","1","arcane","divine","primal",NA
"Embrace the Pit","3",NA,NA,NA,NA
"Empathic Link","2","arcane","occult",NA,NA
"Empower Ley Line","7",NA,NA,NA,NA
"Empty Body","9",NA,NA,NA,NA
"Empty Inside","1",NA,NA,NA,NA
"Empty Pack","2","arcane","occult",NA,NA
"Endure Elements","2","arcane","divine","primal",NA
"Endure","1","arcane","occult",NA,NA
"Enduring Might","4",NA,NA,NA,NA
"Energy Absorption","4",NA,NA,NA,NA
"Energy Aegis","7","arcane","divine","occult","primal"
"Enervation","4","arcane","divine","occult",NA
"Enhance Senses","4","arcane","divine","occult","primal"
"Enhance Victuals","2","divine","primal",NA,NA
"Enlarge Companion","4",NA,NA,NA,NA
"Enlarge","2","arcane","primal",NA,NA
"Entangle","2","primal",NA,NA,NA
"Enthrall","3","arcane","occult",NA,NA
"Entrancing Eyes","7","arcane",NA,NA,NA
"Entropic Wheel","3","occult",NA,NA,NA
"Envenom Companion","3","primal",NA,NA,NA
"Ephemeral Hazards","4",NA,NA,NA,NA
"Ephemeral Tracking","3",NA,NA,NA,NA
"Eradicate Undeath","4",NA,NA,NA,NA
"Erase Trail","2","primal",NA,NA,NA
"Establish Nexus","5",NA,NA,NA,NA
"Establish Ward","5",NA,NA,NA,NA
"Ethereal Jaunt","7","divine","occult",NA,NA
"Etheric Shards","5","arcane","occult",NA,NA
"Euphoric Renewal","4","divine",NA,NA,NA
"Evil Eye","1",NA,NA,NA,NA
"Evolution Surge","1",NA,NA,NA,NA
"Exchange Image","1","arcane","occult",NA,NA
"Excise Lexicon","3","arcane","occult",NA,NA
"Expeditious Excavation","2","arcane","primal",NA,NA
"Extend Boost","1",NA,NA,NA,NA
"Extend Spell","3",NA,NA,NA,NA
"Extract Brain","4",NA,NA,NA,NA
"Extract Poison","2","arcane","primal",NA,NA
"Eyes of the Dead","3",NA,NA,NA,NA
"Fabricated Truth","10","occult",NA,NA,NA
"Face in the Crowd","1",NA,NA,NA,NA
"Faerie Dust","1",NA,NA,NA,NA
"Faerie Fire","2","divine","occult","primal",NA
"Falling Sky","8","arcane","occult",NA,NA
"Fallow Field","4",NA,NA,NA,NA
"False Life","2","arcane","occult",NA,NA
"False Nature","4","arcane","occult",NA,NA
"False Vision","5","arcane","occult",NA,NA
"Familiar Form","4",NA,NA,NA,NA
"Familiar's Face","3","arcane","divine","occult","primal"
"Fantastic Facade","9",NA,NA,NA,NA
"Far Sight","3","occult","primal",NA,NA
"Fashionista","1","arcane","occult",NA,NA
"Fatal Aria","10",NA,NA,NA,NA
"Fated Confrontation","10","arcane","divine","occult","primal"
"Favorable Review","4","arcane","occult",NA,NA
"Fear the Sun","2","arcane","divine","occult","primal"
"Fear","1","arcane","divine","occult","primal"
"Fearful Feast","4",NA,NA,NA,NA
"Feast of Ashes","2","arcane","occult","primal",NA
"Feather Fall","1","arcane","primal",NA,NA
"Feeblemind","6","arcane","occult",NA,NA
"Feet to Fins","3","arcane","primal",NA,NA
"Feral Shades","2","primal",NA,NA,NA
"Fey Abeyance","1",NA,NA,NA,NA
"Fey Disappearance","3",NA,NA,NA,NA
"Fey Form","4","occult","primal",NA,NA
"Fey Glamour","5",NA,NA,NA,NA
"Field of Life","6","divine","primal",NA,NA
"Fiery Body","7","arcane","primal",NA,NA
"Final Sacrifice","2","arcane","divine","occult","primal"
"Finger of Death","7","divine","primal",NA,NA
"Fire Ray","1",NA,NA,NA,NA
"Fire Seeds","6","primal",NA,NA,NA
"Fire Shield","4","arcane","primal",NA,NA
"Fireball","3","arcane","primal",NA,NA
"Firework Blast","3","arcane",NA,NA,NA
"Flame Barrier","4",NA,NA,NA,NA
"Flame Strike","5","divine",NA,NA,NA
"Flame Vortex","6","arcane","primal",NA,NA
"Flame Wisp","2","arcane","primal",NA,NA
"Flaming Fusillade","6",NA,NA,NA,NA
"Flaming Sphere","2","arcane","primal",NA,NA
"Flammable Fumes","5","arcane","primal",NA,NA
"Flashy Disappearance","1","arcane","occult",NA,NA
"Fleet Step","1","arcane","primal",NA,NA
"Flense","1","arcane","divine",NA,NA
"Flesh to Stone","6","arcane","primal",NA,NA
"Floating Disk","1","arcane","occult",NA,NA
"Flowing Strike","5","arcane","primal",NA,NA
"Fly","4","arcane","occult","primal",NA
"Focusing Hum","3","divine","occult",NA,NA
"Font of Serenity","4",NA,NA,NA,NA
"For Love, For Lightning","6",NA,NA,NA,NA
"Forbidden Thought","1",NA,NA,NA,NA
"Forbidding Ward","1","divine","occult",NA,NA
"Force Bolt","1",NA,NA,NA,NA
"Force Cage","7","arcane","occult",NA,NA
"Force Fang","1",NA,NA,NA,NA
"Forced Mercy","1","divine","occult",NA,NA
"Forced Quiet","1",NA,NA,NA,NA
"Forceful Hand","5","arcane","occult",NA,NA
"Foresee the Path","5","occult",NA,NA,NA
"Foresight","9","arcane","divine","occult",NA
"Forgotten Lines","4","arcane","divine","occult",NA
"Form of the Sandpoint Devil","6",NA,NA,NA,NA
"Foul Miasma","4",NA,NA,NA,NA
"Freedom of Movement","4","arcane","divine","primal",NA
"Freedom","8",NA,NA,NA,NA
"Frenzied Revelry","1","divine",NA,NA,NA
"Friendfetch","1","arcane","occult",NA,NA
"Frigid Flurry","7","arcane","primal",NA,NA
"Frost's Touch","1","arcane",NA,NA,NA
"Fungal Hyphae","2","primal",NA,NA,NA
"Fungal Infestation","2","primal",NA,NA,NA
"Gale Blast","1","arcane","primal",NA,NA
"Garden of Death","4",NA,NA,NA,NA
"Gaseous Form","4","arcane","occult","primal",NA
"Gasping Marsh","3","arcane","primal",NA,NA
"Gate","10","arcane","divine","occult",NA
"Geas","3",NA,NA,NA,NA
"Genie's Veil","1",NA,NA,NA,NA
"Gentle Repose","2","arcane","divine","occult","primal"
"Geyser","5","arcane","primal",NA,NA
"Ghost Sound","1","arcane","occult",NA,NA
"Ghostly Shift","3","occult",NA,NA,NA
"Ghostly Tragedy","4","divine","occult",NA,NA
"Ghostly Transcription","4",NA,NA,NA,NA
"Ghostly Weapon","3","arcane","occult",NA,NA
"Ghoulish Cravings","2","divine","occult",NA,NA
"Girzanje's March","4","divine","occult",NA,NA
"Glacial Heart","5",NA,NA,NA,NA
"Glibness","4","occult",NA,NA,NA
"Glimmer of Charm","5","arcane","occult","primal",NA
"Glimpse the Truth","4",NA,NA,NA,NA
"Glimpse Weakness","1","occult",NA,NA,NA
"Glitterdust","2","arcane","primal",NA,NA
"Globe of Invulnerability","4","arcane","divine","occult",NA
"Glutton's Jaw","1",NA,NA,NA,NA
"Glyph of Warding","3","arcane","divine","occult","primal"
"Goblin Pox","1","arcane","primal",NA,NA
"Goodberry","1",NA,NA,NA,NA
"Gouging Claw","1","arcane","primal",NA,NA
"Grasping Grave","5",NA,NA,NA,NA
"Grave Impressions","2","divine","occult",NA,NA
"Gravitational Pull","1","arcane","occult",NA,NA
"Gravity Weapon","1",NA,NA,NA,NA
"Gravity Well","3","arcane","occult",NA,NA
"Gray Shadow","6","divine",NA,NA,NA
"Grease","1","arcane","primal",NA,NA
"Grim Tendrils","1","arcane","occult",NA,NA
"Grisly Growths","5","arcane","primal",NA,NA
"Gritty Wheeze","1","arcane","primal",NA,NA
"Guardian's Aegis","3",NA,NA,NA,NA
"Guidance","1","divine","occult","primal",NA
"Guided Introspection","1",NA,NA,NA,NA
"Guiding Star","2","divine","primal",NA,NA
"Gust of Wind","1","arcane","primal",NA,NA
"Hag's Fruit","6","primal","occult",NA,NA
"Halcyon Infusion","6","arcane","primal",NA,NA
"Hallowed Ground","1",NA,NA,NA,NA
"Hallucination","5","arcane","occult",NA,NA
"Hallucinatory Terrain","4","arcane","occult","primal",NA
"Hand of the Apprentice","1",NA,NA,NA,NA
"Harm","1","divine",NA,NA,NA
"Harrowing","1",NA,NA,NA,NA
"Haste","3","arcane","occult","primal",NA
"Hasted Assault","7",NA,NA,NA,NA
"Haunting Hymn","1","divine","occult",NA,NA
"Heal Animal","1",NA,NA,NA,NA
"Heal Companion","1",NA,NA,NA,NA
"Heal","1","divine","primal",NA,NA
"Healer's Blessing","1",NA,NA,NA,NA
"Healing Plaster","1","primal",NA,NA,NA
"Healing Well","5","divine","primal",NA,NA
"Heartbond","2",NA,NA,NA,NA
"Heart's Desire","3",NA,NA,NA,NA
"Heat Metal","2","arcane","primal",NA,NA
"Hellfire Plume","5",NA,NA,NA,NA
"Helpful Steps","1","arcane","divine","occult","primal"
"Heroes' Feast","5",NA,NA,NA,NA
"Heroic Feat","6",NA,NA,NA,NA
"Heroism","3","divine","occult",NA,NA
"Hero's Defiance","10",NA,NA,NA,NA
"Hideous Laughter","2","arcane","occult",NA,NA
"Hollow Heart","1","divine",NA,NA,NA
"Hologram Cage","5","occult",NA,NA,NA
"Holy Cascade","4","divine",NA,NA,NA
"Horizon Thunder Sphere","1","arcane","primal",NA,NA
"Horrid Wilting","8","arcane","primal",NA,NA
"Horrific Visage","3",NA,NA,NA,NA
"Horrifying Blood Loss","2","arcane","divine","occult",NA
"House of Imaginary Walls","5",NA,NA,NA,NA
"Humanoid Form","2","arcane","occult","primal",NA
"Hunter's Luck","2",NA,NA,NA,NA
"Hunter's Vision","5",NA,NA,NA,NA
"Hurtling Stone","1",NA,NA,NA,NA
"Hydraulic Push","1","arcane","primal",NA,NA
"Hydraulic Torrent","4","primal",NA,NA,NA
"Hymn of Healing","1",NA,NA,NA,NA
"Hypercognition","3","occult",NA,NA,NA
"Hyperfocus","1",NA,NA,NA,NA
"Hypnopompic Terrors","8","occult",NA,NA,NA
"Hypnotic Pattern","3","arcane","occult",NA,NA
"Ice Storm","4","arcane","primal",NA,NA
"Ideal Mimicry","6",NA,NA,NA,NA
"Ignite Fireworks","2","arcane","primal",NA,NA
"Ill Omen","1","occult",NA,NA,NA
"Illusory Creature","2","arcane","occult",NA,NA
"Illusory Disguise","1","arcane","occult",NA,NA
"Illusory Object","1","arcane","occult",NA,NA
"Illusory Scene","5","arcane","occult",NA,NA
"Illusory Shroud","2","arcane","occult",NA,NA
"Imaginary Weapon","1","occult",NA,NA,NA
"Imp Sting","2","divine","occult",NA,NA
"Impaling Briars","8",NA,NA,NA,NA
"Impaling Spike","5","arcane","primal",NA,NA
"Impart Empathy","2","occult","primal",NA,NA
"Impeccable Flow","2","arcane","divine",NA,NA
"Impending Doom","3","arcane","divine","occult",NA
"Implement of Destruction","4","divine","occult",NA,NA
"Implosion","9","arcane","primal",NA,NA
"Imprint Message","1","occult",NA,NA,NA
"Imprisonment","8",NA,NA,NA,NA
"Incarnate Ancestry","5",NA,NA,NA,NA
"Incendiary Ashes","3",NA,NA,NA,NA
"Incendiary Aura","1",NA,NA,NA,NA
"Incendiary Fog","5","arcane","primal",NA,NA
"Indestructibility","10","arcane","divine","occult","primal"
"Inevitable Destination","4","divine",NA,NA,NA
"Inevitable Disaster","5","divine","occult",NA,NA
"Inexhaustible Cynicism","7","arcane","divine","occult",NA
"Infectious Comedy","5","arcane","occult",NA,NA
"Infectious Ennui","3","divine","occult",NA,NA
"Infectious Enthusiasm","1","arcane","occult",NA,NA
"Infectious Melody","4","occult",NA,NA,NA
"Infernal Pact","1",NA,NA,NA,NA
"Inkshot","1","occult","primal",NA,NA
"Inner Radiance Torrent","2","divine","occult",NA,NA
"Inscrutable Mask","3",NA,NA,NA,NA
"Insect Form","3","primal",NA,NA,NA
"Inside Ropes","1","divine","occult","primal",NA
"Inspire Competence","1",NA,NA,NA,NA
"Inspire Courage","1",NA,NA,NA,NA
"Inspire Defense","2",NA,NA,NA,NA
"Inspire Heroics","4",NA,NA,NA,NA
"Instant Armor","2","arcane","divine","occult","primal"
"Instant Parade","2","arcane","occult",NA,NA
"Internal Insurrection","4","divine","occult",NA,NA
"Interstellar Void","3",NA,NA,NA,NA
"Inveigle","2",NA,NA,NA,NA
"Invisibility Cloak","4",NA,NA,NA,NA
"Invisibility Curtain","4","arcane","occult",NA,NA
"Invisibility Sphere","3","arcane","occult",NA,NA
"Invisibility","2","arcane","occult",NA,NA
"Invisible Item","1","arcane","occult",NA,NA
"Invoke Spirits","5","arcane","divine","occult",NA
"Invoke the Crimson Oath","2",NA,NA,NA,NA
"Invoke the Harrow","3",NA,NA,NA,NA
"Invoke True Name","1","arcane","divine","occult","primal"
"Iron Gut","2","arcane","primal",NA,NA
"Isolation","4","divine",NA,NA,NA
"Item Facade","1","arcane","occult",NA,NA
"Jealous Hex","1",NA,NA,NA,NA
"Join Pasts","1","occult",NA,NA,NA
"Jump","1","arcane","primal",NA,NA
"Juvenile Companion","1","primal",NA,NA,NA
"Ki Blast","3",NA,NA,NA,NA
"Ki Form","9",NA,NA,NA,NA
"Ki Rush","1",NA,NA,NA,NA
"Ki Strike","1",NA,NA,NA,NA
"Kinetic Ram","1","arcane","occult",NA,NA
"Knock","2","arcane","occult",NA,NA
"Know Direction","1","divine","occult","primal",NA
"Know the Enemy","4",NA,NA,NA,NA
"Lament","1",NA,NA,NA,NA
"Lashing Rope","3","arcane","occult",NA,NA
"Lashunta's Life Bubble","5",NA,NA,NA,NA
"Lay on Hands (Vs. Undead)","1",NA,NA,NA,NA
"Lay on Hands","1",NA,NA,NA,NA
"Legend Lore","7",NA,NA,NA,NA
"Leng Sting","7","arcane","occult",NA,NA
"Levitate","3","arcane","occult",NA,NA
"Liberating Command","1","occult",NA,NA,NA
"Life Boost","1",NA,NA,NA,NA
"Life Connection","3","divine","primal",NA,NA
"Life-Giving Form","6",NA,NA,NA,NA
"Life Link","1",NA,NA,NA,NA
"Life Pact","3","divine","occult","primal",NA
"Life Siphon","4",NA,NA,NA,NA
"Lifelink Surge","2",NA,NA,NA,NA
"Lift Nature's Caul","1",NA,NA,NA,NA
"Light of Revelation","2",NA,NA,NA,NA
"Light","1","arcane","divine","occult","primal"
"Lightning Bolt","3","arcane","primal",NA,NA
"Lightning Storm","5","primal",NA,NA,NA
"Lingering Composition","1",NA,NA,NA,NA
"Linnorm Sting","9","arcane","primal",NA,NA
"Litany against Sloth","5",NA,NA,NA,NA
"Litany against Wrath","3",NA,NA,NA,NA
"Litany of Depravity","7",NA,NA,NA,NA
"Litany of Righteousness","7",NA,NA,NA,NA
"Litany of Self-Interest","5",NA,NA,NA,NA
"Localized Quake","4",NA,NA,NA,NA
"Locate","3","arcane","divine","occult",NA
"Lock Item","2","arcane","primal",NA,NA
"Lock","1","arcane","divine","occult",NA
"Longstrider","1","arcane","primal",NA,NA
"Loose Time's Arrow","2","arcane","occult","primal",NA
"Loremaster's Etude","1",NA,NA,NA,NA
"Lose the Path","1","occult","primal",NA,NA
"Lucky Break","4",NA,NA,NA,NA
"Lucky Month","2",NA,NA,NA,NA
"Lucky Number","2","arcane","divine","occult",NA
"Lure Dream","6","occult",NA,NA,NA
"Mad Monkeys","3","primal",NA,NA,NA
"Mage Armor","1","arcane","occult",NA,NA
"Mage Hand","1","arcane","occult",NA,NA
"Magic Aura","1","arcane","occult",NA,NA
"Magic Fang","1","primal",NA,NA,NA
"Magic Hide","1",NA,NA,NA,NA
"Magic Mailbox","4","arcane","divine","occult",NA
"Magic Missile","1","arcane","occult",NA,NA
"Magic Mouth","2","arcane","occult",NA,NA
"Magic Stone","1","divine","primal",NA,NA
"Magic Warrior Aspect","2",NA,NA,NA,NA
"Magic Warrior Transformation","2",NA,NA,NA,NA
"Magic Weapon","1","arcane","divine","occult",NA
"Magical Fetters","3","arcane","occult",NA,NA
"Magic's Vessel","1",NA,NA,NA,NA
"Magnetic Acceleration","3","arcane","primal",NA,NA
"Magnetic Attraction","2","arcane","primal",NA,NA
"Magnetic Repulsion","2","arcane","primal",NA,NA
"Magnificent Mansion","7","arcane","occult",NA,NA
"Malicious Shadow","3",NA,NA,NA,NA
"Malignant Sustenance","4",NA,NA,NA,NA
"Manifold Lives","6",NA,NA,NA,NA
"Mantis Form","4",NA,NA,NA,NA
"Mantle of Heaven's Slopes","6","divine",NA,NA,NA
"Mantle of the Frozen Heart","5","arcane","primal",NA,NA
"Mantle of the Magma Heart","5","arcane","primal",NA,NA
"Mariner's Curse","5","arcane","occult","primal",NA
"Martyr's Intervention","3","divine","occult","primal",NA
"Mask of Terror","7","arcane","occult","primal",NA
"Massacre","9","arcane","divine","primal",NA
"Maze of Locked Doors","7","arcane","occult",NA,NA
"Maze","8","arcane","occult",NA,NA
"Medusa's Wrath","8",NA,NA,NA,NA
"Meld into Stone","3","arcane","primal",NA,NA
"Mending","1","arcane","divine","occult","primal"
"Message Rune","1","arcane","occult",NA,NA
"Message","1","arcane","divine","occult",NA
"Meteor Swarm","9","arcane","primal",NA,NA
"Mimic Undead","2","divine","occult",NA,NA
"Mind Blank","8","arcane","occult",NA,NA
"Mind Games","2","arcane","occult",NA,NA
"Mind of Menace","3","arcane","divine","occult","primal"
"Mind Probe","5","arcane","occult",NA,NA
"Mind Reading","3","arcane","occult",NA,NA
"Mind Swap","5",NA,NA,NA,NA
"Mindlink","1","occult",NA,NA,NA
"Mindscape Door","3",NA,NA,NA,NA
"Miracle","10","divine",NA,NA,NA
"Mirecloak","5","divine","occult",NA,NA
"Mirror Image","2","arcane","occult",NA,NA
"Mirror Malefactors","5","arcane","divine","occult",NA
"Mirror's Misfortune","4","arcane","occult",NA,NA
"Misdirection","2","arcane","occult",NA,NA
"Mislead","6","arcane","occult",NA,NA
"Modify Memory","4","occult",NA,NA,NA
"Moment of Renewal","8","divine","primal",NA,NA
"Momentary Recovery","7","arcane","occult",NA,NA
"Monstrosity Form","8","arcane","primal",NA,NA
"Moon Frenzy","5","primal",NA,NA,NA
"Moonbeam","1",NA,NA,NA,NA
"Moonburst","7","divine","primal",NA,NA
"Moonlight Bridge","6",NA,NA,NA,NA
"Moonlight Ray","3","divine","primal",NA,NA
"Morass of Ages","4","arcane","occult",NA,NA
"Mosquito Blight","5",NA,NA,NA,NA
"Mother's Blessing","5","primal",NA,NA,NA
"Moth's Supper","3","occult","primal",NA,NA
"Movanic Glimmer","4","divine","primal",NA,NA
"Mud Pit","1","arcane","primal",NA,NA
"Murderous Vine","4","primal",NA,NA,NA
"Musical Accompaniment","1","arcane","occult",NA,NA
"Mystic Beacon","4",NA,NA,NA,NA
"Mystic Carriage","3",NA,NA,NA,NA
"Nature Incarnate","10","primal",NA,NA,NA
"Nature's Bounty","4",NA,NA,NA,NA
"Nature's Enmity","9","primal",NA,NA,NA
"Nature's Reprisal","6","primal",NA,NA,NA
"Necromancer's Generosity","1","arcane","divine",NA,NA
"Necrotic Radiation","4","arcane","divine","occult",NA
"Necrotize","6","arcane","divine","primal",NA
"Needle of Vengeance","1",NA,NA,NA,NA
"Negate Aroma","1","arcane","primal",NA,NA
"Nettleskin","1","primal",NA,NA,NA
"Neutralize Poison","3","divine","primal",NA,NA
"Nightmare","4","arcane","occult",NA,NA
"Nondetection","3","arcane","occult","primal",NA
"Nothing Up My Sleeve","3","arcane","occult",NA,NA
"Noxious Vapors","1","arcane","primal",NA,NA
"Nudge Fate","1",NA,NA,NA,NA
"Nudge the Odds","1","arcane","divine","occult",NA
"Nullify","10","arcane","divine","occult","primal"
"Nymph's Token","1",NA,NA,NA,NA
"Oathkeeper's Insignia","1",NA,NA,NA,NA
"Object Memory","1",NA,NA,NA,NA
"Object Reading","1","occult",NA,NA,NA
"Oblivious Expulsion","5",NA,NA,NA,NA
"Obscuring Mist","2","arcane","primal",NA,NA
"Ocular Overload","4","arcane","occult","primal",NA
"Ode to Ouroboros","5",NA,NA,NA,NA
"Omnidirectional Scan","3","occult",NA,NA,NA
"One With the Land","9","primal",NA,NA,NA
"Oneiric Mire","3","arcane","occult","primal",NA
"Ooze Form","3","arcane","occult",NA,NA
"Ordained Purpose","4",NA,NA,NA,NA
"Organsight","3","arcane","divine","occult","primal"
"Outcast's Curse","4","arcane","divine","occult",NA
"Over the Coals","5",NA,NA,NA,NA
"Overflowing Sorrow","4",NA,NA,NA,NA
"Overselling Flourish","1","arcane","occult",NA,NA
"Overstuff","1",NA,NA,NA,NA
"Overwhelming Presence","9","divine","occult",NA,NA
"Owb Pact","3",NA,NA,NA,NA
"Pack Attack","2","occult","primal",NA,NA
"Pact Broker","1",NA,NA,NA,NA
"Painful Vibrations","4","divine","occult",NA,NA
"Painted Scout","3","occult","primal",NA,NA
"Paralyze","3","arcane","occult",NA,NA
"Paranoia","2","occult",NA,NA,NA
"Parch","1",NA,NA,NA,NA
"Pass Without Trace","1","primal",NA,NA,NA
"Passwall","5","arcane","primal",NA,NA
"Path of Least Resistance","4",NA,NA,NA,NA
"Penumbral Disguise","2","arcane","occult",NA,NA
"Penumbral Shroud","1","arcane","occult",NA,NA
"Percussive Impact","3","arcane","divine","occult",NA
"Perfect Strike","2",NA,NA,NA,NA
"Perfected Form","4",NA,NA,NA,NA
"Perfected Mind","1",NA,NA,NA,NA
"Pernicious Poltergeist","4","divine","occult",NA,NA
"Perseis's Precautions","3","arcane","occult",NA,NA
"Persistent Servant","2","arcane","occult",NA,NA
"Personal Blizzard","3",NA,NA,NA,NA
"Personal Rain Cloud","1","arcane","primal",NA,NA
"Pest Form","1","arcane","primal",NA,NA
"Pet Cache","1","arcane","divine","occult","primal"
"Petal Storm","4","primal",NA,NA,NA
"Phantasmal Calamity","6","arcane","occult",NA,NA
"Phantasmal Killer","4","arcane","occult",NA,NA
"Phantasmal Protagonist","4","divine","occult",NA,NA
"Phantasmal Treasure","2","arcane","occult",NA,NA
"Phantom Crowd","2","arcane","occult",NA,NA
"Phantom Pain","1","occult",NA,NA,NA
"Phantom Prison","3","arcane","occult",NA,NA
"Phantom Ship","2",NA,NA,NA,NA
"Phantom Steed","2","arcane","occult","primal",NA
"Phase Bolt","1","arcane","occult",NA,NA
"Phase Familiar","1",NA,NA,NA,NA
"Physical Boost","1",NA,NA,NA,NA
"Pied Piping","10",NA,NA,NA,NA
"Pillar of Water","3","arcane","primal",NA,NA
"Pillars of Sand","5","arcane","primal",NA,NA
"Planar Ally","5",NA,NA,NA,NA
"Planar Binding","6",NA,NA,NA,NA
"Plane Shift","7","arcane","divine","occult","primal"
"Plant Form","5","primal",NA,NA,NA
"Plant Growth","4",NA,NA,NA,NA
"Pocket Library","1","arcane","occult",NA,NA
"Polar Ray","8","arcane","primal",NA,NA
"Poltergeist's Fury","6","arcane","occult",NA,NA
"Portrait of Spite","5",NA,NA,NA,NA
"Portrait of the Artist","5","occult",NA,NA,NA
"Positive Attunement","3","divine","primal",NA,NA
"Positive Luminance","4",NA,NA,NA,NA
"Possession","7","occult",NA,NA,NA
"Power Word Blind","7","arcane",NA,NA,NA
"Power Word Kill","9","arcane",NA,NA,NA
"Power Word Stun","8","arcane",NA,NA,NA
"Powerful Inhalation","3",NA,NA,NA,NA
"Practice Makes Perfect","1",NA,NA,NA,NA
"Precious Metals","4",NA,NA,NA,NA
"Prestidigitation","1","arcane","divine","occult","primal"
"Primal Call","6",NA,NA,NA,NA
"Primal Herd","10","primal",NA,NA,NA
"Primal Phenomenon","10","primal",NA,NA,NA
"Primal Summons","6",NA,NA,NA,NA
"Prismatic Armor","7","arcane","occult",NA,NA
"Prismatic Shield","9","arcane","occult",NA,NA
"Prismatic Sphere","9","arcane","occult",NA,NA
"Prismatic Spray","7","arcane","occult",NA,NA
"Prismatic Wall","8","arcane","occult",NA,NA
"Private Sanctum","4","arcane","occult",NA,NA
"Procyal Philosophy","4","arcane","divine","occult",NA
"Produce Flame","1","arcane","primal",NA,NA
"Project Image","7","arcane","occult",NA,NA
"Proliferating Eyes","9","arcane","divine","occult",NA
"Protect Companion","1","arcane","divine","occult","primal"
"Protection","1","divine","occult",NA,NA
"Protective Ward","1",NA,NA,NA,NA
"Protector Tree","1","primal",NA,NA,NA
"Protector's Sacrifice","1",NA,NA,NA,NA
"Protector's Sphere","4",NA,NA,NA,NA
"Prying Eye","5","arcane","divine","occult",NA
"Prying Survey","8","arcane","occult",NA,NA
"Puff of Poison","1","arcane","primal",NA,NA
"Pulse of the City","4",NA,NA,NA,NA
"Pulverizing Cascade","3",NA,NA,NA,NA
"Pummeling Rubble","1","arcane","primal",NA,NA
"Punishing Winds","8","primal",NA,NA,NA
"Purify Food and Drink","1","divine","primal",NA,NA
"Purify Soul Path","2",NA,NA,NA,NA
"Purifying Icicle","1","divine","primal",NA,NA
"Purifying Veil","4","divine",NA,NA,NA
"Purple Worm Sting","6","arcane","primal",NA,NA
"Pushing Gust","1",NA,NA,NA,NA
"Putrefy Food and Drink","1","divine","primal",NA,NA
"Pyrotechnics","3","arcane","occult",NA,NA
"Quench","2","primal",NA,NA,NA
"Quick Sort","1","arcane","divine","occult","primal"
"Quicken Time","5","arcane","occult",NA,NA
"Quivering Palm","8",NA,NA,NA,NA
"Radiant Beam","4","divine","primal",NA,NA
"Radiant Field","2","arcane","divine","occult","primal"
"Radiant Heart of Devotion","4","divine","primal",NA,NA
"Raga of Remembrance","10",NA,NA,NA,NA
"Raise Dead","6","divine",NA,NA,NA
"Rally Point","3","arcane","occult",NA,NA
"Rallying Banner","5","divine","occult",NA,NA
"Ranger's Bramble","3",NA,NA,NA,NA
"Rapid Adaptation","2","arcane","primal",NA,NA
"Ravening Maw","5","divine","occult","primal",NA
"Ravenous Darkness","6","arcane","divine","occult",NA
"Ravenous Portal","4","arcane","occult",NA,NA
"Ravenous Reanimation","7",NA,NA,NA,NA
"Ray of Enfeeblement","1","arcane","divine","occult",NA
"Ray of Frost","1","arcane","primal",NA,NA
"Read Aura","1","arcane","divine","occult","primal"
"Read Fate","1",NA,NA,NA,NA
"Read Omens","4","divine","occult",NA,NA
"Read the Air","1","divine","occult",NA,NA
"Reaper's Lantern","2","divine","occult","primal",NA
"Rebounding Barrier","4","arcane","occult",NA,NA
"Rebuke Death","4",NA,NA,NA,NA
"Recall Past Life","4",NA,NA,NA,NA
"Redact","1",NA,NA,NA,NA
"Redistribute Potential","5","occult",NA,NA,NA
"Reflective Scales","4","arcane","primal",NA,NA
"Regenerate","7","divine","primal",NA,NA
"Reincarnate","3",NA,NA,NA,NA
"Reinforce Eidolon","1",NA,NA,NA,NA
"Rejuvenating Flames","1",NA,NA,NA,NA
"Remake","10","arcane","divine","occult","primal"
"Remember the Lost","4",NA,NA,NA,NA
"Remove Curse","4","divine","occult",NA,NA
"Remove Disease","3","divine","primal",NA,NA
"Remove Fear","2","divine","occult","primal",NA
"Remove Paralysis","2","divine","occult","primal",NA
"Repelling Pulse","5","divine","occult",NA,NA
"Replicate","4","arcane","occult",NA,NA
"Repulsion","6","arcane","divine","occult",NA
"Resilient Sphere","4","arcane","occult",NA,NA
"Resist Energy","2","arcane","divine","occult","primal"
"Resplendent Mansion","9","arcane","occult",NA,NA
"Rest Eternal","4",NA,NA,NA,NA
"Restoration","2","divine","occult","primal",NA
"Restorative Moment","5",NA,NA,NA,NA
"Restore Senses","2","divine","occult","primal",NA
"Restyle","1","arcane","divine","occult","primal"
"Resurrect","5",NA,NA,NA,NA
"Retributive Pain","4",NA,NA,NA,NA
"Retrocognition","7","occult",NA,NA,NA
"Return Beacon","5","arcane","occult",NA,NA
"Return the Favor","3",NA,NA,NA,NA
"Return To Essence","7","arcane","divine","occult",NA
"Reverse Gravity","7","arcane","occult",NA,NA
"Revival","10","divine","primal",NA,NA
"Rewinding Step","5","arcane","divine","occult",NA
"Rewrite Possibility","5",NA,NA,NA,NA
"Righteous Might","6","divine",NA,NA,NA
"Rime Slick","2","arcane","primal",NA,NA
"Rip the Spirit","5","divine","occult",NA,NA
"Rising Surf","1",NA,NA,NA,NA
"Rite of the Red Star","8",NA,NA,NA,NA
"Ritual Obstruction","5","arcane","divine","occult","primal"
"Roar of the Wyrm","4",NA,NA,NA,NA
"Roaring Applause","3","arcane","divine","occult",NA
"Rope Trick","4","arcane","occult",NA,NA
"Rose's Thorns","6","primal",NA,NA,NA
"Rouse Skeletons","3","arcane","divine","occult",NA
"Runic Impression","4",NA,NA,NA,NA
"Rusting Grasp","4","primal",NA,NA,NA
"Safe Passage","3","arcane","divine","primal",NA
"Safeguard Secret","4",NA,NA,NA,NA
"Sanctified Ground","3","divine",NA,NA,NA
"Sanctuary","1","divine","occult",NA,NA
"Sanguine Mist","4","arcane","divine","occult",NA
"Savant's Curse","4","arcane","occult",NA,NA
"Savor the Sting","1",NA,NA,NA,NA
"Scatter Scree","1","arcane","primal",NA,NA
"Schadenfreude","1","arcane","divine","occult",NA
"Scholarly Recollection","1",NA,NA,NA,NA
"Scintillating Pattern","8","arcane","occult",NA,NA
"Scintillating Safeguard","6","divine","occult","primal",NA
"Scorching Blast","1","arcane","occult","primal",NA
"Scorching Ray","2","arcane","primal",NA,NA
"Scouring Pulse","5","arcane","divine","occult",NA
"Scouring Sand","1","arcane","primal",NA,NA
"Scrying","6","arcane","occult",NA,NA
"Sculpt Sound","3","occult",NA,NA,NA
"Sea of Thought","3","arcane","occult",NA,NA
"Sea Surge","2","arcane","primal",NA,NA
"Seal Fate","4","arcane","divine","occult",NA
"Searing Light","3","divine","primal",NA,NA
"Seashell of Stolen Sound","1","arcane","occult","primal",NA
"Secret Chest","5","arcane","occult",NA,NA
"Secret Page","3","arcane","occult",NA,NA
"See Invisibility","2","arcane","divine","occult",NA
"Sending","5","arcane","divine","occult",NA
"Sepulchral Mask","1",NA,NA,NA,NA
"Shadow Army","10","arcane","occult",NA,NA
"Shadow Blast","5","divine","occult",NA,NA
"Shadow Illusion","6",NA,NA,NA,NA
"Shadow Jump","5",NA,NA,NA,NA
"Shadow Projectile","3","arcane","occult",NA,NA
"Shadow Raid","7","arcane","occult",NA,NA
"Shadow Siphon","5","arcane","occult",NA,NA
"Shadow Spy","3","occult","primal",NA,NA
"Shadow Walk","5","arcane","occult",NA,NA
"Shadow Zombie","2","arcane","divine","occult",NA
"Shadow's Web","7",NA,NA,NA,NA
"Shaken Confidence","4","divine",NA,NA,NA
"Shall not Falter, Shall not Rout","5",NA,NA,NA,NA
"Shambling Horror","6",NA,NA,NA,NA
"Shape Stone","4","arcane","primal",NA,NA
"Shape Wood","2","primal",NA,NA,NA
"Shapechange","9","arcane","primal",NA,NA
"Share Burden","1",NA,NA,NA,NA
"Share Lore","1","arcane","occult",NA,NA
"Shared Nightmare","4",NA,NA,NA,NA
"Shatter Mind","3",NA,NA,NA,NA
"Shatter","2","occult","primal",NA,NA
"Shattering Gem","1","arcane","primal",NA,NA
"Shepherd of Souls","5",NA,NA,NA,NA
"Shield Other","2","divine",NA,NA,NA
"Shield","1","arcane","divine","occult",NA
"Shielding Strike","1",NA,NA,NA,NA
"Shift Blame","3","arcane","occult",NA,NA
"Shifting Form","4",NA,NA,NA,NA
"Shifting Sand","3","arcane","primal",NA,NA
"Shillelagh","1","primal",NA,NA,NA
"Shocking Grasp","1","arcane","primal",NA,NA
"Shockwave","1","arcane","primal",NA,NA
"Shooting Star","1",NA,NA,NA,NA
"Show the Way","3","divine","primal",NA,NA
"Shrink Item","3","arcane",NA,NA,NA
"Shrink","2","arcane","primal",NA,NA
"Shroud of Flame","3",NA,NA,NA,NA
"Shroud of Night","1",NA,NA,NA,NA
"Sigil","1","arcane","divine","occult","primal"
"Sign of Conviction","3","divine",NA,NA,NA
"Silence","2","divine","occult",NA,NA
"Silver's Refrain","1",NA,NA,NA,NA
"Simulacrum","4",NA,NA,NA,NA
"Sleep","1","arcane","occult",NA,NA
"Slough Skin","2","arcane","primal",NA,NA
"Slow","3","arcane","occult","primal",NA
"Snare Hopping","1",NA,NA,NA,NA
"Snowball","1","arcane","primal",NA,NA
"Soft Landing","4","arcane","occult","primal",NA
"Solid Fog","4","arcane","primal",NA,NA
"Sonata Span","2","occult",NA,NA,NA
"Song of Marching","3",NA,NA,NA,NA
"Song of Strength","1",NA,NA,NA,NA
"Song of the Fallen","10",NA,NA,NA,NA
"Soothe","1","occult",NA,NA,NA
"Soothing Ballad","7",NA,NA,NA,NA
"Soothing Blossoms","3","divine","primal",NA,NA
"Soothing Mist","2",NA,NA,NA,NA
"Soothing Spring","4","divine","primal",NA,NA
"Soothing Words","1",NA,NA,NA,NA
"Soul Siphon","1",NA,NA,NA,NA
"Soulshelter Vessel","5",NA,NA,NA,NA
"Sound Burst","2","divine","occult",NA,NA
"Sparkleskin","3","arcane","divine","occult",NA
"Speak with Animals","2","primal",NA,NA,NA
"Speak with Plants","4","primal",NA,NA,NA
"Speaking Sky","6",NA,NA,NA,NA
"Spectral Hand","2","arcane","occult",NA,NA
"Spell Immunity","4","arcane","divine","occult",NA
"Spell Turning","7","arcane",NA,NA,NA
"Spellmaster's Ward","5",NA,NA,NA,NA
"Spellwrack","6","arcane","divine","occult",NA
"Spider Climb","2","arcane","primal",NA,NA
"Spider Sting","1","arcane","primal",NA,NA
"Spike Stones","4","primal",NA,NA,NA
"Spinning Staff","1",NA,NA,NA,NA
"Spirit Blast","6","divine","occult",NA,NA
"Spirit Link","1","divine","occult",NA,NA
"Spirit Object","1",NA,NA,NA,NA
"Spirit Sense","2","divine","occult",NA,NA
"Spirit Song","8","occult",NA,NA,NA
"Spirit Veil","3",NA,NA,NA,NA
"Spiritual Anamnesis","4","divine","occult",NA,NA
"Spiritual Attunement","4","divine","occult",NA,NA
"Spiritual Epidemic","8","divine","occult",NA,NA
"Spiritual Guardian","5","divine",NA,NA,NA
"Spiritual Torrent","5","divine","occult",NA,NA
"Spiritual Weapon","2","divine","occult",NA,NA
"Splash of Art","1",NA,NA,NA,NA
"Split Shadow","8",NA,NA,NA,NA
"Split the Tongue","1",NA,NA,NA,NA
"Spout","1","arcane","primal",NA,NA
"Spray of Stars","1",NA,NA,NA,NA
"Spy's Mark","2","arcane","occult",NA,NA
"Stabilize","1","divine","primal",NA,NA
"Stagnate Time","5","arcane","occult",NA,NA
"Stasis","4",NA,NA,NA,NA
"Statuette","6",NA,NA,NA,NA
"Status","2","divine","occult","primal",NA
"Steal Shadow","3",NA,NA,NA,NA
"Steal the Sky","5",NA,NA,NA,NA
"Steal Voice","4","arcane","divine","occult",NA
"Stinking Cloud","3","arcane","primal",NA,NA
"Stoke the Heart","1",NA,NA,NA,NA
"Stone Lance","3",NA,NA,NA,NA
"Stone Tell","6","divine","primal",NA,NA
"Stone to Flesh","6","divine","primal",NA,NA
"Stoneskin","4","arcane","primal",NA,NA
"Storm Lord","9",NA,NA,NA,NA
"Storm of Vengeance","9","primal",NA,NA,NA
"Stormburst","5","primal",NA,NA,NA
"Stormwind Flight","4",NA,NA,NA,NA
"Strange Geometry","5","occult",NA,NA,NA
"String of Fate","1","divine",NA,NA,NA
"Stumbling Curse","1",NA,NA,NA,NA
"Subconscious Suggestion","5","arcane","occult",NA,NA
"Subjugate Undead","3",NA,NA,NA,NA
"Sudden Blight","2","divine","primal",NA,NA
"Sudden Bolt","2","arcane","primal",NA,NA
"Sudden Recollection","3","occult",NA,NA,NA
"Sudden Shift","1",NA,NA,NA,NA
"Suffocate","6",NA,NA,NA,NA
"Suggestion","4","arcane","occult",NA,NA
"Summerland Spell","5",NA,NA,NA,NA
"Summon Anarch","5","divine",NA,NA,NA
"Summon Ancient Fleshforged","9","arcane","occult",NA,NA
"Summon Animal","1","arcane","primal",NA,NA
"Summon Archmage","8","arcane",NA,NA,NA
"Summon Axiom","5","divine",NA,NA,NA
"Summon Celestial","5","divine",NA,NA,NA
"Summon Construct","1","arcane",NA,NA,NA
"Summon Deific Herald","8","divine",NA,NA,NA
"Summon Draconic Legion","9","arcane",NA,NA,NA
"Summon Dragon","5","arcane",NA,NA,NA
"Summon Elemental","2","arcane","primal",NA,NA
"Summon Entity","5","occult",NA,NA,NA
"Summon Fey","1","occult","primal",NA,NA
"Summon Fiend","5","divine",NA,NA,NA
"Summon Giant","5","primal",NA,NA,NA
"Summon Healing Servitor","5","divine","primal",NA,NA
"Summon Instrument","1","divine","occult",NA,NA
"Summon Irii","8","arcane","occult",NA,NA
"Summon Kaiju","10","primal",NA,NA,NA
"Summon Lesser Servitor","1","divine",NA,NA,NA
"Summon Plant or Fungus","1","primal",NA,NA,NA
"Summoner's Precaution","2","arcane","divine","occult","primal"
"Summoner's Visage","2","arcane","divine","occult","primal"
"Sun Blade","2",NA,NA,NA,NA
"Sunburst","7","divine","primal",NA,NA
"Sun's Fury","3",NA,NA,NA,NA
"Supreme Connection","7",NA,NA,NA,NA
"Suspended Retribution","6","divine","occult",NA,NA
"Swallow Light","2","arcane","divine","occult",NA
"Swamp of Sloth","3",NA,NA,NA,NA
"Swampcall","1","primal",NA,NA,NA
"Swarm Form","4",NA,NA,NA,NA
"Swarming Wasp Stings","4","arcane","primal",NA,NA
"Swarmsense","1",NA,NA,NA,NA
"Sweet Dream","1",NA,NA,NA,NA
"Symphony of the Unfettered Heart","5",NA,NA,NA,NA
"Synaptic Pulse","5","occult",NA,NA,NA
"Synchronize Steps","1","arcane","occult",NA,NA
"Synchronize","1","arcane","divine","occult","primal"
"Synesthesia","5","occult",NA,NA,NA
"Take its Course","4",NA,NA,NA,NA
"Talking Corpse","4","divine","occult",NA,NA
"Tame","1","occult","primal",NA,NA
"Tanglefoot","1","arcane","primal",NA,NA
"Tangling Creepers","6","primal",NA,NA,NA
"Tattoo Whispers","3",NA,NA,NA,NA
"Teeth to Terror","2","occult",NA,NA,NA
"Telekinetic Bombardment","7","arcane","occult",NA,NA
"Telekinetic Haul","5","arcane","occult",NA,NA
"Telekinetic Maneuver","2","arcane","occult",NA,NA
"Telekinetic Projectile","1","arcane","occult",NA,NA
"Telekinetic Rend","1","occult",NA,NA,NA
"Telepathic Bond","5","arcane","occult",NA,NA
"Telepathic Demand","9","arcane","divine","occult",NA
"Telepathy","4","arcane","occult",NA,NA
"Teleport","6","arcane","occult",NA,NA
"Teleportation Circle","7",NA,NA,NA,NA
"Tempest Form","6",NA,NA,NA,NA
"Tempest of Shades","7","arcane","divine","occult",NA
"Tempest Surge","1",NA,NA,NA,NA
"Tempest Touch","1",NA,NA,NA,NA
"Temporal Distortion","1",NA,NA,NA,NA
"Temporal Twin","3","arcane","occult",NA,NA
"Temporal Ward","6","arcane","divine","occult",NA
"Temporary Glyph","5","arcane","divine","occult","primal"
"Temporary Tool","1","arcane",NA,NA,NA
"Tempt Fate","4",NA,NA,NA,NA
"Tentacular Limbs","1",NA,NA,NA,NA
"Terminate Bloodline","6",NA,NA,NA,NA
"Terrain Transposition","5",NA,NA,NA,NA
"Tesseract Tunnel","5","occult",NA,NA,NA
"Tether","1","arcane","primal",NA,NA
"The World's a Stage","5",NA,NA,NA,NA
"Thermal Stasis","1",NA,NA,NA,NA
"Thicket of Knives","1","arcane","occult",NA,NA
"Thoughtful Gift","1","arcane","divine","occult",NA
"Threefold Aspect","3","occult","primal",NA,NA
"Thunderburst","3",NA,NA,NA,NA
"Thundering Dominance","2","occult","primal",NA,NA
"Thunderous Strike","1",NA,NA,NA,NA
"Tidal Surge","1",NA,NA,NA,NA
"Time Beacon","7","arcane","occult",NA,NA
"Time Jump","3","arcane","occult",NA,NA
"Time Pocket","3","arcane","occult",NA,NA
"Time Sense","1","arcane","occult",NA,NA
"Time Skip","3",NA,NA,NA,NA
"Time Stop","10","arcane","occult",NA,NA
"Timely Tutor","2","arcane","occult",NA,NA
"Tireless Worker","4",NA,NA,NA,NA
"Tongues","5","arcane","divine","occult",NA
"Tortoise and the Hare","4","occult","primal",NA,NA
"Torturous Trauma","1","arcane","divine",NA,NA
"Touch of Corruption (Healing)","1",NA,NA,NA,NA
"Touch of Corruption","1",NA,NA,NA,NA
"Touch of Idiocy","2","arcane","occult",NA,NA
"Touch of Obedience","1",NA,NA,NA,NA
"Touch of the Moon","4",NA,NA,NA,NA
"Touch of Undeath","1",NA,NA,NA,NA
"Transcribe Conflict","3","arcane","occult",NA,NA
"Transcribe Moment","4",NA,NA,NA,NA
"Transmute Rock And Mud","5","arcane","primal",NA,NA
"Traveler's Transit","4",NA,NA,NA,NA
"Tree Shape","2","primal",NA,NA,NA
"Tree Stride","5","primal",NA,NA,NA
"Trickster's Twin","4",NA,NA,NA,NA
"Triple Time","2",NA,NA,NA,NA
"True Seeing","6","arcane","divine","occult","primal"
"True Strike","1","arcane","occult",NA,NA
"True Target","7","arcane","occult",NA,NA
"Umbral Extraction","2","arcane","occult",NA,NA
"Umbral Graft","4","arcane","occult",NA,NA
"Umbral Mindtheft","2","arcane","occult",NA,NA
"Unblinking Flame Aura","5",NA,NA,NA,NA
"Unblinking Flame Emblem","7",NA,NA,NA,NA
"Unblinking Flame Ignition","9",NA,NA,NA,NA
"Unblinking Flame Revelation","3",NA,NA,NA,NA
"Unbreaking Wave Advance","3",NA,NA,NA,NA
"Unbreaking Wave Barrier","7",NA,NA,NA,NA
"Unbreaking Wave Containment","9",NA,NA,NA,NA
"Unbreaking Wave Vapor","5",NA,NA,NA,NA
"Uncontrollable Dance","8","arcane","occult",NA,NA
"Undeath's Blessing","1",NA,NA,NA,NA
"Undermine Reality","8","arcane","occult",NA,NA
"Undertaker","9","divine","occult",NA,NA
"Undetectable Alignment","2","divine","occult",NA,NA
"Unexpected Transposition","6","arcane","occult",NA,NA
"Unfathomable Song","9","occult",NA,NA,NA
"Unfetter Eidolon","1",NA,NA,NA,NA
"Unfettered Mark","8",NA,NA,NA,NA
"Unfettered Pack","7","primal",NA,NA,NA
"Unfolding Wind Blitz","7",NA,NA,NA,NA
"Unfolding Wind Buffet","5",NA,NA,NA,NA
"Unfolding Wind Crash","9",NA,NA,NA,NA
"Unfolding Wind Rush","3",NA,NA,NA,NA
"Unimpeded Stride","1",NA,NA,NA,NA
"Unity","4",NA,NA,NA,NA
"Unraveling Blast","1",NA,NA,NA,NA
"Unrelenting Observation","8","arcane","occult",NA,NA
"Unseasonable Squall","3","arcane","primal",NA,NA
"Unseen Custodians","3",NA,NA,NA,NA
"Unseen Servant","1","arcane","occult",NA,NA
"Unspeakable Shadow","9","arcane","occult",NA,NA
"Untwisting Iron Augmentation","7",NA,NA,NA,NA
"Untwisting Iron Buffer","3",NA,NA,NA,NA
"Untwisting Iron Pillar","9",NA,NA,NA,NA
"Untwisting Iron Roots","5",NA,NA,NA,NA
"Unusual Anatomy","5",NA,NA,NA,NA
"Updraft","1",NA,NA,NA,NA
"Upheaval","9","arcane","primal",NA,NA
"Vampiric Exsanguination","6","arcane","divine","occult",NA
"Vampiric Maiden","4","arcane","divine","occult",NA
"Vampiric Touch","3","arcane","divine","occult",NA
"Variable Gravity","4","arcane","occult",NA,NA
"Vector Screen","3","occult",NA,NA,NA
"Veil of Confidence","1",NA,NA,NA,NA
"Veil of Dreams","1",NA,NA,NA,NA
"Veil","4","arcane","occult",NA,NA
"Ventriloquism","1","arcane","divine","occult","primal"
"Verdant Sprout","1","primal",NA,NA,NA
"Verminous Lure","1","primal",NA,NA,NA
"Vibrant Pattern","6","arcane","occult",NA,NA
"Vibrant Thorns","1",NA,NA,NA,NA
"Vicious Jealousy","2","arcane","divine","occult",NA
"Victory Cry","1","divine",NA,NA,NA
"Vigilant Eye","4",NA,NA,NA,NA
"Vision of Beauty","4","arcane","occult",NA,NA
"Vision of Weakness","2",NA,NA,NA,NA
"Visions of Danger","7","occult",NA,NA,NA
"Vital Beacon","4","divine","primal",NA,NA
"Vital Singularity","9",NA,NA,NA,NA
"Volcanic Eruption","7","primal",NA,NA,NA
"Vomit Swarm","2","arcane","occult","primal",NA
"Voracious Gestalt","9","divine","occult",NA,NA
"Wail of the Banshee","9","divine","occult",NA,NA
"Waking Dream","4",NA,NA,NA,NA
"Waking Nightmare","1",NA,NA,NA,NA
"Wall of Fire","4","arcane","primal",NA,NA
"Wall of Flesh","5","divine","occult","primal",NA
"Wall of Force","6","arcane","occult",NA,NA
"Wall of Ice","5","arcane","primal",NA,NA
"Wall of Radiance","3","arcane","primal",NA,NA
"Wall of Shadow","3","arcane","occult",NA,NA
"Wall of Stone","5","arcane","primal",NA,NA
"Wall of Thorns","3","primal",NA,NA,NA
"Wall of Virtue","3","arcane","divine",NA,NA
"Wall of Water","3","arcane","primal",NA,NA
"Wall of Wind","3","arcane","primal",NA,NA
"Wanderer's Guide","3","divine","occult",NA,NA
"Ward Domain","6",NA,NA,NA,NA
"Warding Aggression","3","arcane","divine","primal",NA
"Warp Mind","7","arcane","occult",NA,NA
"Warp Step","1","arcane","occult",NA,NA
"Warped Terrain","1",NA,NA,NA,NA
"Warrior's Regret","2","arcane","divine","occult",NA
"Wash Your Luck","1","divine","occult",NA,NA
"Water Breathing","2","arcane","divine","primal",NA
"Water Walk","2","arcane","divine","primal",NA
"Waters of Prediction","5",NA,NA,NA,NA
"Weapon of Judgment","9","divine",NA,NA,NA
"Weapon Storm","4","arcane","primal",NA,NA
"Weapon Surge","1",NA,NA,NA,NA
"Weaponize Secret","4","divine",NA,NA,NA
"Web of Eyes","3","arcane","divine","occult","primal"
"Web of Influence","4",NA,NA,NA,NA
"Web","2","arcane","primal",NA,NA
"Weird","9","arcane","occult",NA,NA
"Whirling Flames","3",NA,NA,NA,NA
"Whirling Scarves","3","occult","divine",NA,NA
"Whirlwind","8","primal",NA,NA,NA
"Wholeness of Body","2",NA,NA,NA,NA
"Wild Morph","1",NA,NA,NA,NA
"Wild Shape","1",NA,NA,NA,NA
"Wild Winds Stance","4",NA,NA,NA,NA
"Wildfire","1",NA,NA,NA,NA
"Wilding Word","1",NA,NA,NA,NA
"Wind Jump","5",NA,NA,NA,NA
"Wind Walk","8","primal",NA,NA,NA
"Wind Whispers","4","divine",NA,NA,NA
"Winning Streak","4","arcane","occult",NA,NA
"Winter Bolt","1",NA,NA,NA,NA
"Wish-Twisted Form","5",NA,NA,NA,NA
"Wish","10","arcane",NA,NA,NA
"Withering Grasp","1",NA,NA,NA,NA
"Word of Freedom","4",NA,NA,NA,NA
"Word of Recall","7",NA,NA,NA,NA
"Word of Revision","6","arcane","occult",NA,NA
"Word of Truth","1",NA,NA,NA,NA
"Wordsmith","4","divine",NA,NA,NA
"Worm's Repast","2","occult","primal",NA,NA
"Wronged Monk's Wrath","5",NA,NA,NA,NA
"Wyvern Sting","5","arcane","primal",NA,NA
"You're Mine","5",NA,NA,NA,NA
"Zeal for Battle","4",NA,NA,NA,NA
"Zealous Conviction","6","divine","occult",NA,NA
"Zenith Star","1",NA,NA,NA,NA
"Zero Gravity","6","arcane","occult",NA,NA
"Zone of Truth","3","divine","occult",NA,NA
